Clementine,Dash,1999-07-21
Babita,Caitlin,1987-10-12
Alyssa,Hilbert,1970-12-22
Pamella,Leffen,1988-07-15
Anestassia,Abernon,1988-12-23
Nataline,Arathorn,1987-04-12
Ashlee,Annice,1971-03-28
Consuela,Dom,1999-04-08
Fanny,Wilkinson,1976-09-17
Cordi,Heidt,1970-05-20
Basia,Guthrie,1998-05-24
Adore,Kalinda,1976-08-27
Dulce,Ardra,1974-03-15
Fawne,Belldas,1986-01-05
Celestyna,Levey,1997-08-15
Gertrud,Hylan,1973-01-16
Stevana,Fadiman,1986-06-13
Allis,Cutlerr,1996-11-07
Jordan,Ackerley,1971-06-12
Mahalia,Uird,1979-12-07
Nadine,Kirstin,1974-01-11
Jacquetta,Havens,1995-03-20
Noelle,Jobi,1977-07-31
Jan,Callista,1997-08-16
Jenilee,Naor,1980-01-19
Elise,Arne,1987-12-21
Sheelagh,Stoller,1975-10-11
Wanda,Septima,1979-10-28
Kore,Vacuva,1974-10-11
Charissa,Stevy,1978-01-09
Ada,Penelopa,1973-03-08
Karly,Phyllis,1983-11-24
Margette,Weitman,1974-01-27
Ira,Fleeta,1992-05-25
Mariele,Bendick,1989-10-12
Maurene,Urias,1973-09-08
Lorne,Anton,1999-09-21
Jordan,Sekofski,1971-05-03
Marleah,Duwalt,1994-10-24
Gilda,Olin,1973-07-06
Kalina,Raychel,1984-09-13
Petronia,Sheng,1975-03-13
Dacia,Maroney,1978-10-28
Tobe,Even,1992-05-04
Deedee,Tatianas,1981-03-10
Melisent,Lemuela,1999-06-01
Mathilda,Dex,1975-03-30
Bernie,Ball,1984-04-02
Aurelie,Adrienne,1990-11-18
Amalie,Han,1989-09-10
Sybille,Doig,1979-12-10
Hettie,Hunfredo,1979-06-21
Ronna,Manolo,1997-09-16
Carmencita,Phi,1991-06-04
Bee,Faro,1994-08-15
Glenda,Nore,1978-06-30
Lanae,Persse,1974-10-22
Elsie,Sigfrid,1980-07-12
Correy,Warthman,1998-02-28
Calla,Bobbee,1996-05-12
Margarette,Gerge,1999-10-12
Dianemarie,Sancho,1972-04-16
Queenie,Colleen,1979-09-13
Charissa,Prober,1997-03-06
Miquela,Harned,1975-12-18
Edyth,Hertzfeld,1983-08-09
Bernie,Blake,1995-08-30
Korrie,Othilia,1998-03-18
Darlleen,Jotham,1991-05-19
Suzette,Nerita,1973-04-19
Sophia,McClimans,1997-12-22
Elvira,Dorothy,1979-04-13
Tina,Laverne,1978-10-28
Rosabelle,Tamar,1999-04-02
Tersina,Kare,1984-06-30
Rozele,Jalbert,1993-03-25
Ann-Marie,Lasley,1995-10-17
Teddie,Ellord,1981-08-23
Xylina,Lasley,1989-01-18
Larine,Bertold,1979-06-28
Pamella,Bury,1980-08-28
Miquela,Wooster,1971-02-12
Kore,Lacombe,1994-01-30
Marika,Martguerita,1972-01-06
Deane,Brian,1994-05-23
Jennica,Kazimir,1987-01-01
Sheree,Madaih,1973-04-09
Shannah,Cookie,1983-06-12
Molli,Imelida,1972-07-21
Susette,Ball,1977-05-19
Joceline,Romelda,1989-03-29
Elena,Eckblad,1974-06-13
Kristan,Koehler,1979-10-30
Evaleen,Wadell,1976-11-05
Christy,Haerr,1987-11-28
Kelly,Saunderson,1979-10-08
Gavrielle,Ortrude,1994-12-17
Annabela,Trace,1975-10-01
Ardys,Melony,1994-07-05
Feliza,Lesley,1981-03-13
Gwyneth,Harned,1998-07-23
Nannie,Rhu,1997-10-16
Morganica,Noman,1994-02-04
Lisette,Hedve,1996-08-09
Belinda,Merna,1989-06-28
Oralee,Janith,1976-08-13
Paola,Turne,1999-12-29
Marguerite,Radu,1998-06-24
Lyssa,Chobot,1990-11-25
Oralee,Kat,1982-01-12
Cherrita,Martsen,1986-10-08
Petronia,Denis,1973-05-24
Karina,Halsey,1974-07-05
Zaria,Tannie,1975-11-20
Amalie,Armanda,1988-03-30
Josephine,Schonfeld,1978-07-12
Gratia,Amethist,1987-06-30
Beatriz,Bevin,1987-04-09
Drucie,Harday,1994-11-28
Andeee,Tayib,1973-09-15
Keelia,Septima,1973-11-25
Brietta,Serilda,1989-05-13
Maridel,Gemini,1971-05-08
Averyl,Dulciana,1986-01-29
Kayla,Shanley,1994-02-18
Gale,Means,1983-06-23
Dyann,Zeeba,1991-06-29
Christy,Couture,1994-03-04
Atlanta,Mintz,1997-08-11
Cacilie,Drisko,1990-05-31
Jobi,Karylin,1996-08-17
Agnese,Palocz,1975-07-20
Candi,Merell,1976-09-30
Gilligan,Adamsen,1974-10-14
Nikki,Janith,1974-08-27
Janey,Durante,1971-07-05
Brynna,Hoenack,1983-01-16
Alia,Lia,1973-08-26
Margette,Armanda,1984-04-26
Natka,Ferrell,1987-02-03
Britte,Saint,1999-12-06
Mignon,Laverne,1996-12-11
Ardenia,Mitzi,1994-04-26
Corene,Haerr,1985-08-26
Mignon,Millda,1972-06-20
Doralynne,Urias,1971-05-13
Fred,Neils,1992-02-17
Giustina,Shuler,1978-10-14
Quintina,Camden,1981-07-31
Tonia,Geffner,1993-06-04
Dede,Chinua,1993-07-04
Lacie,Remmer,1972-10-22
Lolita,Khorma,1997-06-04
Shandie,Mayeda,1987-07-21
Feliza,Casimir,1983-11-18
Anthia,Goddard,1999-04-02
Daphne,Horan,1970-02-11
Blake,Martguerita,1972-09-12
Orsola,Sisile,1972-01-21
Gaylene,Melleta,1978-02-24
Binny,Stav,1988-05-18
Carmencita,Glenden,1979-06-18
Mahalia,Granoff,1975-11-28
Gabi,Philipp,1970-10-22
Valeda,Idelia,1988-08-26
Almeta,Genna,1986-04-21
Michaelina,Magnolia,1999-10-19
Dominga,Lay,1984-07-10
Jemie,Bandeen,1971-02-13
Ruthe,Yam,1985-08-17
Brena,Hathaway,1989-10-03
Dawn,Meli,1984-01-30
Cristabel,Sadowski,1971-04-17
Mureil,Eben,1993-07-23
Augustine,Geffner,1987-04-03
Viki,Pascia,1976-12-13
Carree,Bluh,1984-10-15
Elka,Means,1989-04-30
Nessie,Carri,1994-03-12
Devina,Therine,1999-01-02
Nickie,Jillane,1992-09-21
Vanessa,Destinee,1993-03-18
Deedee,August,1998-08-14
Hope,Shirberg,1971-08-29
Blondelle,Tremayne,1970-02-14
Kassey,Cassius,1982-04-27
Lusa,Fleeta,1970-07-26
Theodora,Keily,1996-08-20
Willetta,Ledah,1984-01-03
Cherrita,Zitvaa,1986-12-20
Tilly,Zuzana,1975-01-15
Dorene,Zina,1982-12-20
Sonni,Darbie,1974-08-19
Yvonne,Kesley,1985-05-29
Tracey,Kimmie,1985-07-20
Ingrid,Strephon,1982-11-04
Dawn,Clarissa,1981-10-16
Elka,Alwin,1970-10-21
Andree,Bethany,1998-01-18
Vevay,Aldric,1978-11-30
Gratia,Richers,1971-04-29
Yvonne,Fillbert,1993-08-12
Charmaine,Chem,1986-10-16
Lanae,Melleta,1974-07-20
Deane,Catie,1981-07-02
Almeta,Waite,1981-06-26
Modestia,Stacy,1985-02-03
Louella,Belanger,1971-10-01
Marcy,Alva,1997-01-10
Cecile,Lamoree,1996-11-03
Pollyanna,Cornelia,1986-10-10
Corry,Bow,1970-10-24
Rhoda,Vharat,1977-06-20
Netty,Gert,1994-09-22
Pollyanna,Secrest,1989-04-20
Lory,Dorcy,1988-07-05
Gavrielle,Rudolph,1989-02-19
Alyssa,Christal,1983-12-27
Ulrike,Imelida,1971-10-04
Charmaine,Weaks,1985-06-01
Ebonee,Taima,1975-02-25
Sybille,Mike,1982-09-11
Gavrielle,Brunell,1973-11-01
Shaylyn,Dreda,1978-03-25
Deane,Erminia,1971-12-30
Lucille,Arley,1981-07-24
Gloria,Cecile,1980-07-16
Jackie,Adalbert,1992-07-26
Bernardine,Bahr,1981-01-28
Rhoda,Hubert,1996-10-06
Jean,Carbo,1977-09-10
Renie,Oscar,1993-10-24
Averyl,Letsou,1970-02-14
Roseline,Sallyann,1989-11-24
Kimmy,Nicoline,1995-09-07
Mildrid,Yerkovich,1980-12-29
Feliza,Honoria,1991-01-23
Sharai,Rillings,1971-02-18
Lonnie,Gale,1982-10-13
Gilda,Georas,1980-07-02
Anallese,Moina,1973-11-11
Iseabal,Abram,1988-04-08
Mathilda,Leopold,1999-08-10
Belinda,Han,1991-01-04
Tracey,Olympium,1974-10-02
Clo,Quinn,1979-08-15
Elmira,Goldina,1991-06-20
Dagmar,Loeb,1991-05-02
Collen,Fiann,1989-06-30
Amara,Saree,1992-09-14
Christian,Bakerman,1996-09-08
Ivett,Loeb,1975-04-16
Valeda,Zaslow,1998-10-28
Mallory,Pattin,1984-02-15
Hildegaard,Sekofski,1974-02-11
Ardeen,Anton,1976-11-06
Melodie,Zetta,1986-03-06
Elie,O'Carroll,1978-07-20
Roslyn,Chrystel,1988-08-22
Larine,Huggins,1987-09-27
Ardys,Sikorski,1999-03-04
Dyann,Ricarda,1975-12-08
Elyssa,Kellby,1999-09-17
Katharina,Minetta,1991-01-10
Gerianna,Dearborn,1994-08-19
Debee,Adalbert,1977-08-23
Arlena,Ehrman,1990-04-08
Reeba,Behre,1986-10-06
Flo,Riordan,1981-04-23
Doralynne,Alice,1992-09-04
Pamella,Germann,1981-09-03
Kate,Stoller,1976-03-07
Kenna,Vorster,1985-07-27
Genovera,Muriel,1997-11-18
Rayna,Old,1990-04-08
Cherilyn,An,1983-09-16
Mathilda,Borrell,1995-12-02
Katuscha,Hull,1982-02-02
Margette,Honoria,1985-07-23
Yolane,Wallis,1977-05-28
Doro,Lilybelle,1980-04-21
Gloria,Silvan,1970-11-23
Maud,Blake,1976-02-23
Verla,Percy,1990-10-12
Sam,Atonsah,1991-01-22
Corene,Sadowski,1990-06-22
Dawn,Merat,1992-03-08
Elvira,Bluh,1998-09-17
Lynnea,Lucienne,1981-02-19
Vinita,Ariella,1983-06-13
Teddie,Hortensia,1987-01-09
Jere,Weide,1980-02-23
Tobe,Elisha,1976-03-28
Glenda,Erich,1971-07-22
Shandie,Candy,1983-06-11
Brandise,Marijo,1970-02-27
Renae,Firmin,1975-07-17
Barbi,Hortensia,1980-07-26
Elvira,Isacco,1986-05-30
Lexine,Mathilde,1999-12-09
Karina,Latini,1999-12-01
Pamella,Urania,1989-06-10
Sara-Ann,Swigart,1990-07-26
Pollyanna,Morgun,1990-05-17
Adriana,Ethban,1979-11-27
Gerianna,Ricarda,1999-01-17
Tatiania,Truc,1981-06-08
Janey,Buckler,1980-12-25
Kimmy,Malvino,1993-02-25
Rivalee,Margret,1999-02-28
Jolyn,Rossner,1976-04-15
Chastity,Dorcy,1976-02-07
Gilda,Eliathas,1988-03-16
Ericka,Ellord,1989-01-31
Adele,Radu,1989-06-04
Viki,Pandolfi,1978-07-04
Roxane,Burkle,1997-08-23
Gertrud,Japeth,1981-07-16
Arlena,Tarrant,1981-05-28
Dotty,Socha,1998-07-07
Dorice,Hazlett,1991-01-13
Darci,Aldric,1972-01-29
Carmela,Fax,1977-09-21
Arlena,Charity,1991-08-06
Livvyy,Ashely,1998-09-04
Gratia,My,1989-07-08
Lonnie,Florina,1998-09-03
Aili,Publia,1987-01-25
Angelique,Sholley,1984-08-16
Hallie,Gordon,1976-11-28
Zaria,Martsen,1992-06-17
Barbi,Pauly,1982-11-04
Emelina,Mehalek,1979-05-04
Raina,Alfons,1975-11-03
Tierney,Janene,1998-01-12
Ilse,Dermott,1982-08-13
Vinita,Judye,1996-06-01
Chastity,Jacobah,1986-08-26
Aurore,Liva,1999-07-24
Gavrielle,Isacco,1987-11-18
Blake,Jacqui,1998-05-03
Allis,Alwin,1992-01-02
Monika,Jeanne,1989-03-03
Kirbee,Clie,1976-04-30
Minda,Dermott,1975-02-23
Darlleen,Faria,1975-02-12
Kate,Hebner,1977-12-02
Brynna,Ricki,1975-11-25
Lila,Obed,1990-12-19
Gerianna,Koziara,1973-04-18
Marti,Wareing,1983-02-10
Anica,Roche,1970-02-10
Helena,Johnsson,1971-03-19
Beverley,Durware,1971-10-05
Violet,Parsaye,1994-04-21
Jaclyn,Duwalt,1986-05-26
Paulita,Hortensia,1983-10-13
Collen,Adalbert,1972-02-26
Mildrid,Kermit,1990-07-16
Cecile,Bigner,1983-02-12
Lindie,Randene,1997-12-02
Eolanda,Rolf,1991-02-22
Emmey,Gamaliel,1975-01-24
Sarette,Schenck,1992-01-14
Xylina,Alexandr,1985-05-04
Lindie,Dowski,1972-01-20
Tani,Cynar,1979-11-20
Kellen,Irmine,1990-02-28
Melodie,Junie,1984-04-08
Arlina,Arquit,1977-07-25
Anestassia,Ardeha,1986-03-02
Merry,Evvie,1974-05-15
Dacia,Hailee,1985-08-08
Alejandra,Jammal,1985-11-19
Arlena,Cottle,1980-02-21
Ernesta,Kaete,1984-01-08
Dorthy,Thunell,1992-01-26
Eadie,Marcellus,1994-02-09
Riannon,Joeann,1993-12-26
Dorene,Pacorro,1982-11-13
Elmira,Dahlia,1972-01-17
Kristan,Buttaro,1992-01-25
Latisha,Sandye,1982-10-10
Alyssa,Hathaway,1987-01-31
Fernande,Myrilla,1977-09-11
Melanie,Helve,1999-11-05
Brandise,Curren,1975-12-17
Arlena,Edee,1986-08-16
Jessamyn,O'Rourke,1980-06-21
Veda,Bibi,1990-03-09
Lenna,Jorgan,1989-06-13
Odessa,Ilka,1992-04-14
Deane,Mandler,1989-07-13
Adriana,Riva,1974-07-04
Frances,Federica,1979-02-03
Sara-Ann,Charity,1979-03-14
Shel,Aurelio,1987-07-10
Dyann,Leopold,1973-07-29
Corry,Edmund,1996-08-27
Alyssa,Marcellus,1971-03-23
Sibella,Clie,1975-07-18
Peri,Mich,1985-08-10
Arlina,Karl,1978-10-11
Margalo,Aloise,1987-03-26
Selma,Trinetta,1989-08-01
Glynnis,Elsinore,1992-08-05
Lanae,Hourigan,1995-03-06
Luci,Thar,1986-06-16
Kelly,Anis,1972-11-25
Courtnay,Lasley,1980-09-15
Petronia,Dalli,1990-11-23
Deane,Eachern,1981-05-20
Oona,Secrest,1986-05-02
Gui,Naashom,1982-12-04
Mathilda,Ralfston,1985-12-11
Gerianna,Adore,1991-04-23
Marleah,Haymes,1995-10-14
Brana,Nore,1974-09-03
Aimil,Tryck,1980-12-16
Shaine,Astra,1991-07-02
Wilma,Sperling,1970-12-29
Doralynne,Mozelle,1996-04-07
Mady,Pascia,1996-04-03
Sean,Alva,1983-06-12
Hollie,Claudine,1986-11-22
Inga,Parette,1971-03-02
Charmaine,Alisia,1984-09-29
Emmey,Goode,1990-06-29
Sherrie,Daegal,1999-11-04
Jacquetta,Lanita,1994-10-26
Celisse,Grosz,1980-03-24
Lorie,Cordi,1979-07-19
Berta,Mandler,1982-02-25
Myriam,Schlosser,1998-08-28
Lilith,Wittie,1992-03-29
Mady,Koziara,1983-01-16
Aimil,Toffic,1986-05-23
Phylis,Lorenz,1991-04-22
Yolane,Ciapas,1976-01-09
Nessie,Narton,1970-04-07
Arabel,Genna,1993-02-09
Doralynne,Goerke,1976-05-31
Annecorinne,Shaver,1999-06-22
Chickie,Gwenore,1975-11-11
Ada,Sophronia,1979-07-09
Karina,Merell,1982-02-05
Celestyna,Sheng,1998-09-10
Bettine,Greenwald,1985-10-23
Margalo,Maroney,1982-06-13
Elvira,Olympium,1995-07-06
Latisha,Redmond,1997-03-25
Fernande,Sothena,1978-07-06
Genevra,Buffum,1985-10-04
Katleen,Hermes,1981-09-25
Kirbee,Therine,1997-10-28
Adore,Christal,1975-05-05
Kassey,Oriana,1983-05-24
Ariela,Adalbert,1991-01-25
Dorthy,Magdalen,1988-02-28
Lacie,Fax,1991-12-01
Sean,Soneson,1993-12-04
Eolanda,Annabella,1981-09-18
Lesly,Stevy,1972-05-09
Atlanta,Ventre,1990-03-12
Shannah,O'Carroll,1996-04-08
Paulita,Neva,1974-05-19
Neila,Hubert,1980-07-16
Xylina,Sheng,1995-07-30
Hettie,Winthorpe,1985-08-17
Coral,Marsden,1979-02-19
Lisette,Ramona,1985-12-02
Melodie,Atcliffe,1975-05-09
Marcy,Ietta,1998-03-25
Alia,Uird,1991-08-26
Elvira,Nelsen,1978-06-19
Josephine,Adore,1991-12-12
Lanae,Oster,1995-04-13
Amii,Sophronia,1978-12-21
Sherrie,Leonard,1982-06-04
Debee,Tacye,1992-07-12
Carilyn,McLaughlin,1999-07-27
Judy,Timon,1998-03-28
Jacenta,Gaynor,1971-02-14
Addia,Eugenia,1977-04-05
Tersina,Lucienne,1991-05-16
Ariela,Bobbee,1992-02-15
Liana,Bandeen,1992-09-30
Vinita,Gombach,1994-07-07
Fidelia,Argus,1974-07-11
Kassey,Ariella,1982-11-17
Larine,Wattenberg,1979-04-29
Louella,Carri,1972-10-13
Lynea,Ventre,1980-02-27
Calla,Trace,1978-05-28
Ardys,Stilwell,1994-10-25
Emelina,Andrel,1973-04-19
Ingrid,Fabiola,1980-10-20
Nikki,Nester,1995-12-12
Adelle,Ellord,1996-02-13
Jean,Gaynor,1978-06-10
Vivia,Kazimir,1982-06-26
Yetty,Billye,1978-03-25
Bibby,Camden,1987-12-22
Demetris,Markman,1983-11-05
Helsa,Meli,1978-12-02
Bobinette,Bouchard,1991-12-30
Vanessa,Eckblad,1974-12-07
Raquela,Maxi,1995-10-24
Lucy,Dosia,1979-01-30
Annabela,Carbo,1974-09-22
Aubrie,Minetta,1994-09-20
Jinny,Hessler,1999-12-28
Melanie,Jethro,1992-11-19
Corry,Curren,1985-10-31
Moyna,Claudine,1980-09-14
Sindee,Stephie,1994-02-26
Winny,Moina,1992-02-08
Cacilie,Adamsen,1971-04-25
Codie,Saint,1981-03-20
Pamella,Cherianne,1982-06-25
Rosabelle,Capello,1978-08-26
Chrystel,Ahab,1982-04-27
Amelia,Lilybelle,1971-07-05
Latisha,Suk,1989-08-14
Demetris,Ajay,1970-04-08
Elena,Hewitt,1981-06-05
Nadine,Clywd,1988-11-13
Maurene,Maribeth,1996-03-25
Moyna,Casimir,1984-11-21
Shannah,Gherardo,1976-03-05
Fanchon,Darbie,1985-07-18
Steffane,Lemuela,1988-05-12
Kaja,Heidt,1999-02-07
Cassandra,Secrest,1994-01-19
Agathe,Alarise,1996-07-12
Nikki,Fosque,1989-10-18
Xylina,Moseley,1982-03-25
Lesly,Allare,1983-04-28
Nadine,Norvol,1986-01-11
Joelly,Dominy,1975-08-11
Anestassia,Holbrook,1981-05-20
Ursulina,Miru,1997-05-24
Rebeca,Michella,1995-12-29
Margarette,Nunci,1978-05-18
Karina,Rurik,1994-02-01
Riannon,Clie,1996-08-10
Codie,Felecia,1999-01-06
Fanchon,Jotham,1980-06-04
Yetty,Azeria,1987-02-06
Helsa,Gregrory,1993-02-27
Katuscha,Brittani,1983-07-14
Justinn,Jarib,1976-04-15
Goldie,Strephon,1989-09-28
Jaime,Gibbeon,1971-01-25
Sybille,Oneida,1987-01-21
Glynnis,Poll,1977-03-29
Sue,Poppy,1996-02-12
Elvira,Eugenia,1972-01-20
Cherrita,Joseph,1990-10-19
Arabel,Colbert,1981-09-15
Kirstin,Uund,1973-04-14
Therine,Valerio,1982-09-21
Norine,Rosalba,1977-12-22
Maridel,Janene,1971-05-15
Ulrike,Zamora,1980-07-09
Mellicent,Socha,1989-02-02
Candy,Decato,1973-07-11
Almeta,Parette,1972-01-02
Ulrike,Kolnick,1980-06-23
Atlanta,Vacuva,1999-11-26
Valera,Toni,1971-04-14
Noelle,Caitlin,1992-06-18
Dorice,Sikorski,1994-07-22
Fred,Naashom,1987-09-08
Gale,Roscoe,1987-03-04
Florencia,Horan,1991-01-11
Sue,Chabot,1986-08-23
Paulita,Alexandr,1995-02-14
Madalyn,Rudolph,1994-07-19
Libbie,Uird,1973-09-04
Lanae,Stilwell,1994-04-13
Dagmar,Corrine,1983-02-01
Carilyn,Sallyann,1983-11-13
Brandise,Papageno,1972-02-18
Ellette,Bahr,1998-10-05
Hettie,Callista,1972-03-06
Carly,Maryanne,1983-11-13
Sam,Dudley,1998-10-28
Asia,Bates,1971-06-06
Gilligan,Kazimir,1986-01-21
Renae,Leler,1973-01-03
Margette,Garrison,1985-11-18
Sophia,Carvey,1981-06-29
Audrie,Jaylene,1999-11-26
Mariele,Brotherson,1994-02-23
Rosaline,Henebry,1993-04-19
Konstance,Jorgan,1974-01-27
Amalie,Kellby,1982-10-11
Madalyn,Holbrook,1970-08-06
Eve,Lasley,1976-08-05
Danny,Oster,1979-08-26
Pamella,Drisko,1996-08-13
Bill,Raffo,1993-03-18
Dawn,Hathaway,1976-06-02
Alyda,Shanley,1977-08-16
Mildrid,Rebecka,1986-11-27
Patricia,Berl,1978-03-04
Jennica,Rubie,1994-10-03
Sonni,Screens,1994-10-06
Cissiee,Plato,1998-04-11
Harrietta,Pulsifer,1981-12-28
Asia,Skurnik,1980-12-14
Bobinette,Nisbet,1999-09-13
Wendi,O'Neill,1975-12-19
Shell,Papageno,1978-04-05
Fred,Bury,1995-06-16
Anallese,Alabaster,1995-01-18
Cathie,Charmine,1985-09-25
Marti,Pelagias,1990-07-12
Robbi,Yate,1992-02-25
Katuscha,Eben,1986-10-25
Beatriz,Buttaro,1989-07-28
Mildrid,Ruvolo,1986-05-20
Oralee,Girardo,1985-04-24
Dolli,Milson,1998-06-26
Rani,Bertold,1988-10-01
Raina,Marden,1984-01-05
Starla,Fitzsimmons,1976-09-09
Vere,Ardeha,1994-12-09
Robinia,Lalitta,1975-02-01
Farrah,Malanie,1972-06-15
Binny,Romelda,1993-01-07
Averyl,Ammann,1992-10-09
Jacenta,Allina,1995-07-03
Tani,Pulsifer,1998-01-06
Lyssa,Mayeda,1990-10-05
Ekaterina,Artie,1976-08-19
Paule,Kinnard,1974-05-10
Angelique,Ardra,1997-12-04
Damaris,Lattie,1976-09-17
Glynnis,Sikorski,1987-10-21
Addia,Kress,1974-08-08
Verla,Honoria,1996-02-14
Nanete,McGrody,1988-02-26
Marleah,McLaughlin,1999-06-13
Karlee,Socha,1990-05-25
Patricia,Roarke,1986-12-25
Roxane,Palocz,1998-01-06
Petronia,Mehalek,1993-09-15
Perry,Thornburg,1977-05-10
Jeanna,Sinegold,1976-09-23
Flo,Dorcy,1995-11-20
Augustine,Mathilde,1982-08-29
Jennica,Magnolia,1994-12-03
Ottilie,Plato,1992-10-24
Alyda,Emmaline,1992-04-18
Blinni,Nea,1978-10-31
Nicoli,Madaih,1979-03-07
Loree,Swigart,1987-05-27
Candi,Pillsbury,1974-03-05
Kerrin,Erb,1973-07-06
Sam,Strephon,1986-01-03
Rozele,Roumell,1992-12-04
Lindie,Carey,1988-08-19
Dale,Euridice,1981-04-27
Kaia,Yerkovich,1988-09-18
Leona,Wyn,1991-09-30
Aimil,Pauly,1982-05-16
Annecorinne,Corilla,1972-05-15
Aaren,Cassius,1974-08-13
Fayre,Mott,1987-05-17
Lynea,Cassius,1999-12-10
Renie,Georas,1978-07-29
Ginnie,Herrera,1990-11-16
Nessie,Beebe,1975-11-24
Rosene,Turne,1991-06-01
Kirbee,Wesle,1974-09-16
Miquela,Fitzsimmons,1987-06-03
Betta,Tristram,1996-03-22
Konstance,Plato,1986-06-24
Kylynn,Jagir,1977-09-25
Teddie,Boycey,1991-08-15
Correy,Borrell,1995-06-24
Eve,Decato,1973-03-08
Alyda,Iphlgenia,1996-12-18
Gloria,Honoria,1988-05-27
Jerry,Fitzsimmons,1989-05-21
Dotty,Warthman,1981-11-25
Dorothy,Buffum,1973-07-20
Anestassia,Greyson,1996-09-23
Jaime,Kimmie,1983-04-17
Karina,Latini,1970-06-06
Alie,Bethany,1976-09-14
Adele,Kronfeld,1973-09-20
Mureil,Mehalek,1977-05-13
Gertrud,Darian,1991-07-03
Dede,August,1970-08-23
Melisent,Deegan,1985-10-26
Eve,Mendez,1976-06-01
Demetris,Barbey,1987-08-28
Winny,Ax,1980-07-29
Leia,Nance,1990-09-07
Leia,Sherrie,1999-04-03
Jere,Ambrosia,1984-03-06
Luci,Orpah,1971-11-08
Blondelle,Even,1987-07-07
Rhoda,Atcliffe,1970-11-20
Karly,Lemuela,1979-10-09
Justinn,Ulphia,1995-07-14
Heida,Sawtelle,1982-01-10
Lynde,Gaynor,1984-07-01
Jerry,Cherianne,1982-08-30
Marleah,Leary,1977-12-29
Winifred,Roxanna,1981-12-23
Roberta,Quinn,1992-11-06
Selia,Darian,1988-08-14
Riannon,Liebermann,1990-07-08
Tori,Levey,1975-01-31
Belva,Santoro,1981-10-28
Max,Zuzana,1999-09-12
Kassey,Muriel,1982-03-24
Merry,Johanna,1974-08-31
Kittie,Zenas,1985-07-03
Monika,Wandie,1995-09-16
Emelina,Katrine,1979-07-13
Chastity,Jena,1976-02-18
Lita,Ackerley,1982-05-30
Briney,Morgun,1983-12-01
Lindie,Mayeda,1997-10-07
Camile,Roarke,1988-05-05
Shandie,Anastatius,1976-05-29
Ann-Marie,Angelis,1999-01-22
Elyssa,Esmaria,1977-01-22
Dorothy,Rebecka,1997-07-07
Camile,Kunin,1974-07-23
Lacie,Jacinda,1981-12-21
Elvira,Xerxes,1991-08-31
Sue,Eckblad,1984-04-18
Tina,Johanna,1992-01-30
Verla,Yoko,1972-04-10
Jasmina,Colyer,1982-02-05
Fidelia,Sophronia,1975-01-03
Susan,Thornburg,1984-07-20
Siana,Braun,1971-07-03
Oralee,Meli,1986-08-23
Modestia,Sabella,1999-07-12
Sibella,Viddah,1992-01-06
Marti,Carleen,1995-05-12
Angela,Redmond,1986-12-15
Evaleen,Garlinda,1978-08-14
Nollie,Wind,1978-04-03
Philis,Croix,1980-01-23
Tamqrah,Ethban,1986-06-08
Gerianna,Maryanne,1973-07-09
Christian,Thornburg,1993-02-26
Corina,Raimondo,1998-01-08
Consuela,Sidonius,1981-05-28
Evita,Amadas,1981-04-16
Candy,Bashemeth,1987-09-16
Ada,Cleo,1975-06-20
Andeee,Bach,1978-02-26
Leia,Raimondo,1973-07-13
Hayley,Duwalt,1982-05-06
Meriel,Tengdin,1996-09-19
Doro,Abram,1972-10-16
Zia,Seumas,1998-11-07
Gianina,Garbe,1990-09-01
Trudie,Wattenberg,1978-04-22
Di,Riordan,1993-07-26
Maryellen,Chick,1993-09-16
Ottilie,Tremayne,1992-04-09
Babita,Naor,1981-05-31
Elyssa,Grosz,1971-08-20
Willetta,Gibbeon,1990-02-17
Layla,Sholley,1976-01-28
Hallie,Nelsen,1992-04-12
Tierney,Manolo,1970-04-12
Sashenka,Saint,1974-06-20
Gerrie,Pattin,1997-12-05
Cam,Bury,1970-02-24
Gwenneth,Manolo,1993-06-25
Doro,Nadia,1991-11-21
Kimberley,Caitlin,1996-06-02
Celisse,Ursulette,1973-03-31
Laurene,Artie,1996-02-22
Lucille,Elvyn,1981-08-08
Magdalena,Aldric,1990-10-29
Clo,Iiette,1997-09-11
Addia,Reidar,1993-06-11
Tobe,Mata,1984-07-31
Marline,Middleton,1972-08-04
Edee,Waldron,1972-10-30
Melina,Linehan,1998-09-04
Hettie,Kannry,1977-05-11
Elka,Carbo,1970-09-14
Roxane,Hylan,1993-09-27
Evita,Decato,1979-07-02
Tracey,Ursulette,1979-09-28
Yetty,Hutchison,1984-11-09
Diena,Raimondo,1995-01-10
Violet,Tybald,1971-07-25
Rayna,Juan,1976-01-24
Audrie,Iaverne,1987-03-24
Winny,Papageno,1979-03-07
Codie,Jorgan,1975-02-11
Malina,Tice,1993-03-19
Ann-Marie,Marlie,1985-04-14
Alleen,Cordi,1973-02-04
Alyssa,Hailee,1978-07-17
Brynna,Xerxes,1970-08-17
Malina,Uird,1992-01-22
Lynea,Levey,1980-12-13
Beverley,Dielu,1979-08-27
Iseabal,Peti,1978-04-07
Harmonia,Seumas,1971-04-22
Sean,Kaete,1987-06-16
Harrietta,Campball,1971-06-17
Maisey,Jarib,1985-08-10
Maurene,Kare,1987-11-05
Dennie,Kesley,1976-03-13
Joane,Holbrook,1997-12-30
Eve,Luhe,1989-03-26
Kimberley,Bronk,1982-09-02
Pollyanna,Carey,1970-04-03
Micheline,Horan,1976-01-04
Dulce,Wildermuth,1975-04-18
Talya,Lipson,1991-12-24
Constance,My,1972-04-07
Ileana,Skurnik,1975-05-24
Kenna,Andrel,1992-11-22
Katuscha,Bashemeth,1984-08-10
Leeanne,Saint,1996-12-10
Kalina,Zrike,1977-10-14
Roberta,Kamaria,1986-11-20
Tamqrah,Haerr,1980-07-03
Basia,Cullin,1991-01-25
Gretal,Couture,1983-05-21
Marcy,Lesley,1981-04-25
Nessie,Armanda,1990-11-14
Annaliese,Mayeda,1982-06-19
Imojean,Harriman,1974-06-04
Flo,Linehan,1991-01-18
Mignon,Jefferey,1973-09-23
Kelly,Hazlett,1981-05-07
Alex,Meli,1974-11-13
Mireielle,Kunin,1992-01-15
Gretal,Argus,1980-01-04
Blake,Richers,1987-05-10
Rhoda,Stanwood,1977-08-01
Dacia,Adlare,1987-12-24
Jeanna,Aloise,1999-11-22
Augustine,Sholley,1981-04-17
Nelle,Peti,1972-07-07
Larine,Judye,1973-12-13
Giustina,Wattenberg,1989-02-08
Lanae,Tristram,1983-06-13
Tatiania,Ogren,1981-09-24
Sadie,Santoro,1993-01-21
Gusella,Colp,1989-10-05
Dianemarie,Lalitta,1992-02-03
Annice,Lindemann,1998-12-30
Perry,Adalbert,1978-04-14
Shel,Khorma,1988-09-23
Madeleine,Bryna,1975-12-22
Vinita,Germann,1978-04-17
Gavrielle,Donoghue,1988-10-11
Nicoli,Stevy,1993-08-19
Albertina,Brodench,1977-10-05
Carmencita,Kinnard,1989-08-11
Heddie,Angelis,1993-12-14
Wynne,Daveta,1990-06-07
Lorne,Maribeth,1978-01-24
Janis,Chinua,1971-08-04
Frieda,Maurine,1972-07-17
Yvonne,Korey,1971-10-04
Etta,Nedrud,1999-12-16
Hayley,Schroth,1976-11-11
Celisse,Chabot,1971-02-09
Beth,Tayib,1979-12-01
Tressa,Dowski,1999-05-17
Jinny,Cottle,1990-11-07
Carol-Jean,Forrer,1985-09-26
Marleah,Billye,1994-01-03
Bertine,Docilla,1977-05-21
Brynna,Maiah,1976-03-03
Elfreda,Lory,1989-02-17
Annecorinne,Ashok,1976-06-04
Bee,Jalbert,1991-01-19
Angela,Toor,1985-12-28
Minda,Bobbee,1980-07-07
Cathyleen,Swigart,1992-03-03
Yvonne,Burkle,1990-03-29
Mahalia,Chinua,1979-04-17
Fanny,Sparhawk,1997-09-29
Jasmina,Ader,1996-10-19
Steffane,Geffner,1987-10-18
Shel,Beebe,1972-08-06
Sean,Kathie,1981-09-07
Ursulina,Corilla,1997-04-10
Ebonee,Abbot,1978-09-24
Alex,Gemini,1977-06-03
Kelly,Jacinda,1989-04-27
Noelle,Avi,1977-12-04
Queenie,Orlene,1981-10-15
Fawne,Caitlin,1973-07-25
Leona,Germann,1991-01-09
Patricia,Alejoa,1993-01-23
Merci,Primalia,1974-09-24
Consuela,Leonard,1979-03-13
Trudie,Georgy,1992-12-27
Ketti,McClimans,1988-01-24
Cyb,Kelula,1982-03-29
Abbie,Swigart,1998-05-24
Ericka,Connelly,1989-09-15
Lesly,Bertold,1972-12-21
Tani,Kaete,1980-12-29
Valeda,Kendrick,1990-10-16
Joleen,Quent,1985-05-29
Danika,Anton,1993-01-15
Fayre,Girardo,1974-12-03
Joane,Kiyoshi,1975-12-13
Madalyn,Aaberg,1995-04-05
Kayla,Iaverne,1983-03-17
Yetty,Maisey,1996-07-16
Elyssa,Kazimir,1980-12-12
Raquela,Karl,1987-01-10
Karlee,Elephus,1974-02-18
Maurene,Viddah,1972-08-18
Theodora,Alexandr,1998-10-16
Jillayne,Bashemeth,1971-02-10
Larine,Hamil,1972-08-11
Ileana,Suzetta,1994-03-27
Tani,Alfons,1997-04-18
Dianemarie,Haerr,1983-02-28
Catharine,Smitt,1989-05-09
Briney,Naor,1986-05-26
Halette,Voletta,1996-05-15
Carol-Jean,Bonilla,1991-12-23
Reeba,My,1991-12-17
Cyb,Allina,1998-09-17
Misha,Loeb,1999-01-16
Agnese,Atcliffe,1979-04-29
Imojean,Joeann,1992-05-08
Britte,Jehu,1977-12-11
Cherilyn,Caitlin,1973-11-25
Mariann,Gaal,1996-03-15
Hildegaard,Ashely,1998-02-11
Renie,Greenwald,1978-08-06
Aaren,Hebner,1993-06-18
Kaja,Cressida,1986-03-25
Marsiella,Howlyn,1992-10-04
Susette,Klemperer,1972-08-28
Selma,Jobi,1974-05-26
Mady,Diogenes,1982-05-28
Marleah,Bluh,1992-04-19
Cyndie,Selway,1991-02-06
Karina,Pyle,1972-07-09
Emelina,Narton,1996-03-19
Joane,Maxi,1992-01-20
Mellicent,Teryn,1994-05-18
Philis,Nance,1990-08-23
Jacenta,Zetta,1982-02-28
Selma,Grobe,1974-03-03
Marsiella,Casimir,1972-07-04
Ketti,Bendick,1986-11-17
Romona,Jerald,1989-03-27
Roxane,Lane,1986-01-08
Teddie,Camden,1977-12-02
Berget,Truc,1994-11-17
Xylina,Stuart,1998-03-12
Sallie,Autrey,1972-08-02
Vere,Fredi,1995-12-05
Belinda,Sancho,1979-08-14
Gabi,Tannie,1981-10-12
Zaria,Yam,1982-02-26
Ekaterina,Grayce,1976-12-01
Selia,Monk,1989-11-06
Ronna,Anselmi,1987-09-25
Fernande,Lutero,1980-09-10
Drucie,Leary,1976-05-17
Sashenka,Mehalek,1976-02-16
Shauna,Anton,1989-09-24
Chere,Mott,1988-07-22
Livvyy,Paton,1973-03-16
Cordi,Duwalt,1997-09-26
Nannie,Smitt,1979-11-29
Emmey,Stoller,1997-05-21
Minne,Ephrem,1973-11-04
Elbertina,Allys,1976-05-01
Dode,Lasley,1972-04-10
Marika,Grayce,1990-11-04
Alameda,Oriana,1998-10-05
Nollie,Jalbert,1992-10-11
Latisha,Hortensia,1981-07-09
Gusella,Jacobah,1988-01-25
Krystle,Kimmie,1971-02-12
Elsie,Arvo,1971-03-28
Anthia,Ardeha,1979-02-22
Wileen,Cressida,1978-09-17
Lorenza,Richers,1972-11-15
